item_id,item_idx
6769,0
8901,1
11839,2
1739,3
5124,4
11559,5
784,6
8082,7
10210,8
13589,9
11235,10
32567,11
1846,12
3899,13
3366,14
30956,15
7187,16
2987,17
3015,18
2568,19
45076,20
22658,21
6911,22
6906,23
6907,24
6909,25
16065,26
6910,27
6915,28
3014,29
14728,30
22321,31
3626,32
7754,33
14242,34
1735,35
14308,36
3514,37
14155,38
44598,39
11810,40
3016,41
37,42
24605,43
6912,44
17884,45
5963,46
3526,47
3008,48
6118,49
12291,50
7424,51
11060,52
66,53
33584,54
1690,55
7303,56
5969,57
38088,58
10996,59
21633,60
11826,61
14908,62
10345,63
9178,64
8908,65
4962,66
14153,67
10001,68
7419,69
4947,70
10343,71
6913,72
18518,73
2989,74
9997,75
7778,76
8222,77
10775,78
7150,79
3970,80
2897,81
21564,82
466,83
30904,84
8245,85
2992,86
18203,87
11107,88
23966,89
9640,90
629,91
17767,92
12909,93
12920,94
2986,95
2990,96
8835,97
1218,98
8090,99
19810,100
21579,101
3427,102
2441,103
2143,104
4031,105
5009,106
44804,107
20822,108
5312,109
3963,110
21044,111
6293,112
2567,113
5487,114
23746,115
21138,116
7544,117
15420,118
5759,119
28979,120
1071,121
27262,122
21740,123
20589,124
5651,125
19915,126
9915,127
3968,128
20390,129
1826,130
17388,131
4836,132
7632,133
3908,134
5635,135
6035,136
20635,137
18570,138
3588,139
12483,140
27738,141
12903,142
857,143
3018,144
35540,145
14710,146
25773,147
1632,148
5616,149
33187,150
14771,151
14433,152
19618,153
9967,154
4125,155
4126,156
6139,157
30103,158
3005,159
13590,160
2996,161
23706,162
6536,163
10744,164
30828,165
12908,166
13717,167
2999,168
9742,169
50049,170
58459,171
23544,172
9890,173
11568,174
13912,175
8011,176
6809,177
29477,178
5666,179
14194,180
18267,181
5925,182
31082,183
35826,184
36308,185
16148,186
8655,187
13984,188
29811,189
11597,190
3537,191
36,192
28909,193
27218,194
2297,195
3990,196
23586,197
14652,198
5295,199
8127,200
10004,201
18843,202
7640,203
30927,204
22638,205
5076,206
15387,207
47402,208
25430,209
8779,210
7749,211
15450,212
13691,213
4657,214
13586,215
13705,216
15506,217
51287,218
17004,219
9204,220
229,221
10648,222
23202,223
8373,224
18497,225
2854,226
11484,227
34080,228
21542,229
12075,230
23497,231
23191,232
1813,233
6033,234
779,235
10791,236
20831,237
40,238
11854,239
5851,240
58458,241
50658,242
58460,243
915,244
97,245
17179,246
31262,247
15125,248
10268,249
12543,250
8098,251
24021,252
4996,253
2340,254
8119,255
5512,256
2749,257
3248,258
14942,259
56754,260
10489,261
56053,262
51750,263
8114,264
11811,265
7186,266
15422,267
2988,268
3461,269
6983,270
1815,271
11112,272
3023,273
5653,274
3013,275
3011,276
3003,277
12558,278
15078,279
8751,280
6148,281
2963,282
2585,283
2457,284
29862,285
2957,286
3422,287
5511,288
582,289
10341,290
5559,291
7883,292
10657,293
14459,294
2901,295
33646,296
1966,297
11815,298
8796,299
18835,300
1737,301
2323,302
2713,303
3001,304
1007,305
12314,306
10771,307
17883,308
8799,309
1940,310
24529,311
15424,312
4192,313
13392,314
23750,315
36135,316
10929,317
29899,318
13936,319
10923,320
1003,321
14180,322
4177,323
10921,324
3468,325
3584,326
6782,327
499,328
72,329
3922,330
11838,331
14776,332
2579,333
6210,334
2784,335
70,336
1887,337
11858,338
5437,339
32025,340
7536,341
6871,342
1838,343
19520,344
2446,345
11889,346
4128,347
21535,348
19933,349
8088,350
8966,351
3531,352
13712,353
4217,354
8781,355
3466,356
23242,357
13247,358
13713,359
9587,360
8909,361
5518,362
34501,363
11209,364
3304,365
13960,366
3691,367
20523,368
16588,369
4407,370
5059,371
19803,372
8232,373
1823,374
3527,375
20349,376
7539,377
2448,378
6641,379
1427,380
2991,381
17768,382
6115,383
1443,384
9230,385
3246,386
15988,387
15117,388
10114,389
3333,390
777,391
4408,392
32708,393
1521,394
228,395
8679,396
40708,397
56418,398
33009,399
1505,400
2877,401
5364,402
2578,403
9594,404
6537,405
11808,406
14780,407
230,408
3000,409
25532,410
108,411
21961,412
3982,413
3759,414
30770,415
5561,416
12139,417
3232,418
8925,419
11842,420
9010,421
15109,422
8998,423
3472,424
3458,425
1024,426
7555,427
17823,428
1778,429
8834,430
19661,431
7559,432
15145,433
56306,434
56307,435
56308,436
56309,437
23038,438
2563,439
1074,440
11159,441
2772,442
11569,443
3252,444
14115,445
9803,446
17845,447
1368,448
5414,449
5417,450
7096,451
1072,452
34053,453
7768,454
1484,455
3687,456
24596,457
874,458
6795,459
10798,460
130,461
23033,462
1633,463
18522,464
5502,465
10276,466
15989,467
5242,468
23587,469
5901,470
1829,471
7601,472
4845,473
1141,474
10508,475
6128,476
19730,477
18286,478
6099,479
17326,480
15713,481
7250,482
91,483
182,484
5678,485
3017,486
18381,487
18018,488
3022,489
101,490
41,491
9192,492
7044,493
30975,494
1572,495
7047,496
37963,497
15987,498
5648,499
7367,500
19129,501
5296,502
35265,503
21115,504
2450,505
8798,506
3764,507
5894,508
3765,509
172,510
8844,511
10661,512
22050,513
11550,514
995,515
18399,516
14994,517
533,518
30708,519
4839,520
8658,521
17141,522
1433,523
9804,524
26871,525
9090,526
16846,527
16856,528
12520,529
1767,530
10002,531
12230,532
25787,533
17842,534
6542,535
15960,536
18382,537
21119,538
12396,539
11541,540
6806,541
19864,542
13237,543
3229,544
1547,545
7570,546
20445,547
20028,548
3450,549
2443,550
8342,551
7062,552
4216,553
1779,554
95,555
8971,556
19710,557
21642,558
14990,559
10935,560
17339,561
1785,562
1962,563
6869,564
17905,565
552,566
19104,567
3378,568
6731,569
3629,570
1908,571
6263,572
14326,573
20516,574
3380,575
7547,576
22046,577
8115,578
11098,579
3517,580
5766,581
38525,582
21010,583
27930,584
3404,585
13117,586
5036,587
22059,588
1773,589
7905,590
8596,591
17618,592
35313,593
4057,594
7724,595
10934,596
12576,597
9754,598
10170,599
3790,600
5602,601
9758,602
9075,603
7766,604
18662,605
3430,606
3247,607
7274,608
19017,609
16061,610
8107,611
10797,612
2596,613
15964,614
7194,615
116,616
653,617
4405,618
9122,619
17469,620
20833,621
11793,622
1834,623
13594,624
10143,625
7240,626
12588,627
34764,628
2853,629
9277,630
11489,631
7244,632
12575,633
12450,634
7717,635
10884,636
10142,637
10806,638
1039,639
10710,640
23819,641
42204,642
11466,643
5381,644
3750,645
5628,646
13430,647
7248,648
652,649
5298,650
6104,651
12043,652
632,653
81,654
8129,655
13987,656
69,657
936,658
3456,659
29224,660
2599,661
19532,662
10529,663
9282,664
10289,665
17917,666
39,667
1434,668
24546,669
1143,670
1432,671
7557,672
9249,673
8102,674
5664,675
1334,676
2813,677
1341,678
16502,679
13120,680
1021,681
7193,682
21114,683
19708,684
1330,685
1438,686
13545,687
8364,688
22037,689
28620,690
12403,691
12393,692
1578,693
9273,694
13596,695
13595,696
18275,697
16376,698
14593,699
10041,700
5513,701
2532,702
6116,703
8471,704
5657,705
16466,706
8746,707
56419,708
42334,709
44762,710
8840,711
3966,712
14989,713
18193,714
14247,715
18280,716
3544,717
24484,718
14442,719
9274,720
7112,721
2060,722
10946,723
1656,724
5507,725
3253,726
1729,727
7776,728
33925,729
8031,730
2587,731
22584,732
26960,733
15336,734
1746,735
12761,736
9279,737
17063,738
8853,739
3949,740
23607,741
5541,742
3636,743
17572,744
21282,745
7635,746
10515,747
10521,748
4675,749
11027,750
15669,751
11936,752
10514,753
5340,754
6440,755
4995,756
29915,757
13718,758
17604,759
10301,760
7525,761
9275,762
9457,763
10500,764
3027,765
3442,766
3237,767
2069,768
17341,769
3918,770
23247,771
9370,772
20882,773
5768,774
5026,775
17903,776
1148,777
1151,778
11891,779
2411,780
3484,781
6803,782
17601,783
12933,784
10107,785
1078,786
13994,787
429,788
16830,789
7073,790
8205,791
5524,792
19206,793
7605,794
386,795
28091,796
134,797
67,798
10614,799
14788,800
2876,801
14971,802
1308,803
23686,804
7904,805
21954,806
16433,807
8794,808
5037,809
7943,810
10159,811
2517,812
28776,813
5703,814
32829,815
21568,816
3228,817
18679,818
20683,819
21280,820
1100,821
6401,822
1968,823
3950,824
344,825
7208,826
10069,827
18845,828
9579,829
6273,830
2982,831
4929,832
7317,833
4162,834
5083,835
5219,836
7265,837
50,838
5199,839
8145,840
15119,841
4320,842
8800,843
7360,844
1719,845
8698,846
7900,847
1939,848
14937,849
27291,850
4988,851
15003,852
26581,853
2458,854
722,855
11007,856
21400,857
24834,858
32486,859
3035,860
256,861
3872,862
6156,863
858,864
26944,865
1077,866
1037,867
73,868
14884,869
9196,870
3459,871
17429,872
11670,873
25714,874
1202,875
36243,876
1640,877
5317,878
25865,879
20928,880
9492,881
3518,882
9141,883
5883,884
7619,885
18925,886
12521,887
12207,888
2300,889
11884,890
20650,891
16592,892
14650,893
34585,894
17606,895
30130,896
36303,897
35618,898
1774,899
27742,900
9305,901
6262,902
9619,903
1353,904
3661,905
5347,906
11258,907
5033,908
12219,909
8597,910
7868,911
5341,912
6620,913
2103,914
36404,915
3234,916
113,917
20954,918
8985,919
24559,920
1635,921
9894,922
8343,923
6500,924
170,925
20240,926
4069,927
4067,928
4068,929
4070,930
10354,931
12215,932
11269,933
8738,934
3041,935
14345,936
3541,937
19998,938
28291,939
5765,940
5764,941
14052,942
3695,943
2036,944
3983,945
1917,946
7210,947
11697,948
16487,949
2424,950
1337,951
26303,952
1223,953
22373,954
8369,955
5030,956
2518,957
9284,958
5498,959
16322,960
19075,961
26380,962
15486,963
14653,964
18306,965
7120,966
3634,967
6101,968
7046,969
3632,970
1537,971
5855,972
464,973
18277,974
3402,975
21438,976
135,977
33012,978
4469,979
8121,980
2822,981
3434,982
2317,983
9729,984
9444,985
9219,986
11515,987
6468,988
1637,989
13962,990
360,991
12050,992
12670,993
12508,994
377,995
15828,996
25188,997
21744,998
1668,999
3342,1000
23979,1001
4455,1002
9809,1003
17100,1004
23192,1005
2342,1006
10718,1007
20452,1008
941,1009
148,1010
1046,1011
7886,1012
5085,1013
6102,1014
13557,1015
13061,1016
1617,1017
4658,1018
23549,1019
13847,1020
607,1021
1825,1022
9096,1023
35969,1024
23804,1025
14393,1026
15432,1027
14358,1028
3986,1029
2969,1030
15970,1031
14633,1032
1969,1033
3012,1034
43,1035
10090,1036
13908,1037
3369,1038
2128,1039
26536,1040
10140,1041
9710,1042
42251,1043
3030,1044
27340,1045
17162,1046
7364,1047
7426,1048
23194,1049
2170,1050
7680,1051
12008,1052
21623,1053
12895,1054
8005,1055
9709,1056
255,1057
3238,1058
4451,1059
18744,1060
23128,1061
26007,1062
29168,1063
5600,1064
21106,1065
5862,1066
1973,1067
14568,1068
3391,1069
9250,1070
5979,1071
7504,1072
5547,1073
13696,1074
21351,1075
2892,1076
19317,1077
385,1078
13687,1079
8790,1080
4258,1081
935,1082
14796,1083
10160,1084
5039,1085
1338,1086
22551,1087
3471,1088
19674,1089
19675,1090
20959,1091
20640,1092
23061,1093
13036,1094
23806,1095
3913,1096
11892,1097
2879,1098
8427,1099
2666,1100
13853,1101
2574,1102
3432,1103
3767,1104
19886,1105
9451,1106
7316,1107
1373,1108
16544,1109
12900,1110
34960,1111
2597,1112
19820,1113
9635,1114
3474,1115
11605,1116
8339,1117
5712,1118
14093,1119
5225,1120
20392,1121
9519,1122
34894,1123
2247,1124
18209,1125
9289,1126
7463,1127
1795,1128
12723,1129
7205,1130
5757,1131
3924,1132
20676,1133
12673,1134
127,1135
12246,1136
9649,1137
4213,1138
5008,1139
15811,1140
17593,1141
49,1142
5693,1143
1304,1144
6126,1145
6129,1146
4853,1147
22312,1148
10662,1149
18025,1150
12295,1151
2346,1152
15973,1153
15971,1154
22956,1155
6574,1156
2806,1157
470,1158
133,1159
2620,1160
7872,1161
6340,1162
15290,1163
43336,1164
17856,1165
8812,1166
2677,1167
18096,1168
19022,1169
19387,1170
31965,1171
18605,1172
194,1173
1436,1174
29398,1175
10181,1176
2151,1177
6078,1178
13463,1179
4852,1180
8456,1181
5240,1182
8378,1183
12079,1184
8104,1185
19350,1186
6763,1187
15677,1188
9725,1189
12213,1190
27400,1191
15896,1192
6285,1193
14434,1194
16382,1195
15110,1196
6074,1197
19141,1198
3493,1199
4789,1200
2926,1201
11981,1202
23101,1203
3635,1204
25434,1205
32896,1206
14802,1207
14865,1208
1944,1209
5687,1210
3521,1211
77,1212
2438,1213
2770,1214
3242,1215
3148,1216
3433,1217
14589,1218
11334,1219
21146,1220
11323,1221
20786,1222
3261,1223
2785,1224
1584,1225
3046,1226
18027,1227
1013,1228
27600,1229
6180,1230
8640,1231
12685,1232
26955,1233
20310,1234
7537,1235
2639,1236
4855,1237
4410,1238
9310,1239
7309,1240
30710,1241
10303,1242
10290,1243
10520,1244
1764,1245
5986,1246
9276,1247
2405,1248
1440,1249
259,1250
9585,1251
28007,1252
3540,1253
15350,1254
3034,1255
22156,1256
19876,1257
8345,1258
596,1259
6369,1260
5596,1261
24953,1262
4256,1263
25953,1264
4189,1265
10886,1266
3961,1267
3102,1268
7653,1269
11236,1270
31322,1271
16082,1272
2782,1273
3998,1274
15329,1275
9465,1276
12631,1277
10457,1278
13256,1279
8091,1280
3341,1281
14995,1282
15992,1283
15368,1284
5385,1285
3975,1286
8385,1287
15357,1288
11050,1289
10310,1290
1250,1291
4323,1292
10977,1293
6873,1294
9366,1295
1851,1296
19385,1297
4237,1298
1307,1299
7784,1300
4167,1301
1647,1302
21785,1303
3605,1304
18665,1305
20259,1306
2786,1307
11903,1308
18836,1309
17021,1310
15153,1311
10007,1312
11895,1313
13664,1314
13733,1315
15823,1316
3405,1317
5659,1318
5786,1319
5787,1320
9702,1321
8133,1322
16961,1323
3413,1324
9787,1325
7641,1326
5468,1327
6644,1328
3423,1329
23698,1330
1798,1331
11351,1332
7050,1333
8166,1334
5424,1335
14588,1336
7462,1337
3119,1338
1586,1339
25183,1340
15021,1341
28624,1342
9312,1343
5709,1344
5854,1345
15951,1346
232,1347
231,1348
233,1349
7190,1350
3326,1351
3103,1352
8473,1353
10831,1354
16639,1355
19449,1356
8872,1357
18935,1358
9578,1359
24487,1360
21539,1361
1943,1362
11844,1363
5685,1364
22620,1365
1137,1366
4785,1367
8811,1368
2621,1369
12934,1370
6003,1371
989,1372
5865,1373
9900,1374
4129,1375
1491,1376
8990,1377
11728,1378
125,1379
19540,1380
12589,1381
10168,1382
9835,1383
37521,1384
24302,1385
23751,1386
10377,1387
16861,1388
13112,1389
613,1390
14099,1391
5563,1392
2147,1393
22,1394
1020,1395
2511,1396
14178,1397
5432,1398
14038,1399
1646,1400
12676,1401
14075,1402
3384,1403
5789,1404
5526,1405
12091,1406
3236,1407
1536,1408
22964,1409
32319,1410
4255,1411
31902,1412
12957,1413
1144,1414
5351,1415
12051,1416
16343,1417
26170,1418
3371,1419
1023,1420
6072,1421
11333,1422
5872,1423
2164,1424
12102,1425
3241,1426
25516,1427
129,1428
34929,1429
17196,1430
93,1431
4191,1432
10517,1433
5304,1434
2669,1435
25033,1436
42939,1437
3382,1438
2512,1439
6050,1440
5861,1441
92,1442
11549,1443
10741,1444
3029,1445
4164,1446
7668,1447
5853,1448
8871,1449
3240,1450
5871,1451
7439,1452
6185,1453
19690,1454
18902,1455
21279,1456
12082,1457
18486,1458
10882,1459
1009,1460
1005,1461
10214,1462
11213,1463
2379,1464
15766,1465
9233,1466
10267,1467
1561,1468
7160,1469
996,1470
10165,1471
15770,1472
2508,1473
1652,1474
25398,1475
24459,1476
11290,1477
920,1478
14586,1479
9081,1480
14899,1481
9074,1482
9164,1483
13069,1484
9307,1485
10801,1486
10780,1487
2186,1488
32093,1489
17496,1490
16644,1491
1146,1492
10938,1493
3053,1494
6455,1495
12689,1496
27661,1497
546,1498
7644,1499
8131,1500
1140,1501
22920,1502
14327,1503
24863,1504
10361,1505
6696,1506
19838,1507
3473,1508
3482,1509
8,1510
2006,1511
1994,1512
2732,1513
1287,1514
14034,1515
44877,1516
8395,1517
11272,1518
11,1519
2707,1520
30869,1521
11888,1522
939,1523
6076,1524
12217,1525
993,1526
2661,1527
7168,1528
2609,1529
6618,1530
7948,1531
7685,1532
2437,1533
17531,1534
9418,1535
1932,1536
1935,1537
28509,1538
5549,1539
19545,1540
16619,1541
32803,1542
813,1543
3244,1544
6351,1545
5539,1546
5878,1547
17834,1548
863,1549
17854,1550
6914,1551
14188,1552
352,1553
19548,1554
4264,1555
5244,1556
1079,1557
11023,1558
10690,1559
17251,1560
5394,1561
5726,1562
944,1563
34513,1564
7486,1565
13851,1566
5389,1567
2302,1568
33285,1569
36292,1570
1512,1571
13043,1572
29,1573
13,1574
7322,1575
20628,1576
4199,1577
23699,1578
10038,1579
5133,1580
25525,1581
4218,1582
3147,1583
3146,1584
3805,1585
8491,1586
251,1587
7488,1588
10438,1589
362,1590
10252,1591
815,1592
5,1593
20798,1594
21259,1595
8384,1596
6623,1597
18213,1598
865,1599
5510,1600
9726,1601
14981,1602
9290,1603
18859,1604
5348,1605
1212,1606
4072,1607
4073,1608
4082,1609
4076,1610
4079,1611
4080,1612
4081,1613
47,1614
11192,1615
3475,1616
11948,1617
15016,1618
36685,1619
14016,1620
37019,1621
20897,1622
14883,1623
9209,1624
17446,1625
3956,1626
3972,1627
11008,1628
1680,1629
26749,1630
9528,1631
13549,1632
11190,1633
8809,1634
31377,1635
7323,1636
9098,1637
16290,1638
3640,1639
10155,1640
297,1641
27763,1642
6858,1643
2321,1644
1333,1645
22809,1646
1426,1647
8207,1648
7245,1649
2681,1650
21328,1651
7312,1652
528,1653
5688,1654
6632,1655
11553,1656
13084,1657
6379,1658
3642,1659
23892,1660
3644,1661
669,1662
7571,1663
3925,1664
42999,1665
19731,1666
7444,1667
998,1668
19083,1669
2638,1670
33850,1671
4941,1672
8619,1673
12304,1674
18685,1675
3230,1676
3213,1677
3054,1678
2363,1679
3701,1680
3707,1681
3710,1682
20937,1683
15070,1684
3047,1685
12667,1686
21273,1687
12002,1688
5040,1689
19885,1690
33361,1691
9026,1692
7310,1693
3969,1694
2347,1695
2343,1696
8978,1697
605,1698
14947,1699
11491,1700
1132,1701
6768,1702
10141,1703
32011,1704
13432,1705
3256,1706
6052,1707
20241,1708
1723,1709
15718,1710
10698,1711
10261,1712
4262,1713
5797,1714
8359,1715
7324,1716
18290,1717
8917,1718
24377,1719
13805,1720
4091,1721
6508,1722
4092,1723
4086,1724
4087,1725
4083,1726
4095,1727
4084,1728
4093,1729
4094,1730
4085,1731
4097,1732
4088,1733
23290,1734
4089,1735
4096,1736
4090,1737
4261,1738
9406,1739
8061,1740
4612,1741
41645,1742
21691,1743
11377,1744
4482,1745
11738,1746
7361,1747
22877,1748
11083,1749
6089,1750
1759,1751
1827,1752
63,1753
14517,1754
8015,1755
1698,1756
2787,1757
392,1758
5349,1759
6359,1760
8096,1761
17392,1762
5306,1763
22423,1764
5540,1765
126,1766
3457,1767
7573,1768
2012,1769
1044,1770
1310,1771
4957,1772
5069,1773
5049,1774
21048,1775
5429,1776
2610,1777
12078,1778
1306,1779
10455,1780
20860,1781
25315,1782
1161,1783
4672,1784
276,1785
23370,1786
19764,1787
3346,1788
5710,1789
23090,1790
1998,1791
11399,1792
31436,1793
2970,1794
13031,1795
6625,1796
11414,1797
11961,1798
4211,1799
12004,1800
2546,1801
55,1802
16955,1803
19531,1804
6075,1805
8944,1806
5289,1807
22623,1808
16528,1809
2130,1810
5542,1811
109,1812
2595,1813
21078,1814
19016,1815
35907,1816
7104,1817
21074,1818
3546,1819
6897,1820
11648,1821
39319,1822
9199,1823
17011,1824
5105,1825
5465,1826
1358,1827
11094,1828
22397,1829
16852,1830
26306,1831
14623,1832
5670,1833
24089,1834
5046,1835
9048,1836
4078,1837
6186,1838
23021,1839
15365,1840
22208,1841
9183,1842
8838,1843
8873,1844
36095,1845
22503,1846
9021,1847
5790,1848
18023,1849
10728,1850
2680,1851
2671,1852
22125,1853
7440,1854
7690,1855
5056,1856
282,1857
1041,1858
11506,1859
1689,1860
11214,1861
7308,1862
4257,1863
7209,1864
12837,1865
11065,1866
5793,1867
5551,1868
7649,1869
13895,1870
3641,1871
8388,1872
3352,1873
31383,1874
36610,1875
8219,1876
6039,1877
7662,1878
10749,1879
15018,1880
6124,1881
20206,1882
5630,1883
25365,1884
9002,1885
14603,1886
12852,1887
5795,1888
14338,1889
6882,1890
23869,1891
55768,1892
31646,1893
15128,1894
2607,1895
3258,1896
10570,1897
12983,1898
15118,1899
23141,1900
8241,1901
8752,1902
11360,1903
6874,1904
7574,1905
273,1906
1172,1907
10777,1908
1977,1909
10353,1910
19733,1911
19281,1912
6349,1913
1482,1914
4269,1915
6938,1916
16699,1917
15738,1918
28131,1919
7753,1920
2027,1921
2629,1922
6390,1923
6381,1924
30339,1925
1989,1926
22628,1927
16293,1928
168,1929
3935,1930
21272,1931
8128,1932
3033,1933
16160,1934
12234,1935
1601,1936
5763,1937
80,1938
7893,1939
2318,1940
836,1941
5553,1942
11090,1943
10683,1944
10686,1945
9019,1946
12553,1947
2710,1948
8344,1949
7832,1950
3344,1951
268,1952
2972,1953
5269,1954
295,1955
3978,1956
1761,1957
8442,1958
1786,1959
11882,1960
11964,1961
9221,1962
20556,1963
4643,1964
239,1965
235,1966
234,1967
236,1968
238,1969
7936,1970
5543,1971
9210,1972
6770,1973
374,1974
6698,1975
685,1976
25812,1977
9303,1978
3617,1979
2674,1980
2687,1981
14385,1982
1931,1983
10256,1984
11520,1985
4793,1986
15716,1987
9089,1988
30992,1989
14530,1990
992,1991
681,1992
7191,1993
6699,1994
662,1995
8761,1996
3988,1997
4592,1998
680,1999
7467,2000
9988,2001
657,2002
2910,2003
10211,2004
7021,2005
15869,2006
1897,2007
721,2008
7262,2009
9315,2010
20647,2011
9306,2012
12,2013
270,2014
6658,2015
21107,2016
25276,2017
10163,2018
8714,2019
3205,2020
1345,2021
16670,2022
15870,2023
5226,2024
4473,2025
11365,2026
6669,2027
3980,2028
5569,2029
26310,2030
4100,2031
4098,2032
3646,2033
4099,2034
35725,2035
10370,2036
3306,2037
3313,2038
2214,2039
7314,2040
3709,2041
9476,2042
2823,2043
5859,2044
3227,2045
7249,2046
26,2047
10681,2048
9380,2049
4254,2050
23248,2051
8932,2052
7896,2053
1051,2054
17588,2055
17589,2056
20236,2057
5566,2058
8381,2059
3628,2060
9128,2061
20988,2062
15819,2063
2308,2064
7967,2065
1920,2066
4431,2067
13580,2068
2911,2069
3058,2070
9278,2071
30212,2072
1941,2073
12750,2074
1490,2075
1301,2076
5068,2077
620,2078
7110,2079
3112,2080
12663,2081
3495,2082
2606,2083
740,2084
7512,2085
540,2086
18643,2087
11327,2088
16648,2089
24919,2090
3638,2091
3693,2092
8786,2093
13484,2094
4676,2095
32196,2096
7689,2097
7121,2098
11199,2099
11349,2100
1607,2101
2350,2102
15836,2103
8567,2104
3111,2105
8569,2106
12868,2107
8782,2108
3704,2109
14186,2110
5077,2111
12254,2112
13892,2113
11345,2114
8481,2115
17467,2116
5665,2117
7908,2118
32162,2119
27166,2120
5339,2121
9426,2122
11161,2123
11079,2124
1160,2125
2711,2126
5732,2127
396,2128
5702,2129
9020,2130
15442,2131
6002,2132
4291,2133
24366,2134
19147,2135
30675,2136
21087,2137
20484,2138
18555,2139
261,2140
23137,2141
5220,2142
5772,2143
9130,2144
1763,2145
5984,2146
22278,2147
11947,2148
299,2149
14267,2150
9622,2151
10152,2152
7123,2153
7137,2154
22971,2155
16586,2156
5604,2157
22624,2158
8836,2159
11304,2160
21088,2161
21624,2162
4484,2163
3716,2164
2239,2165
3494,2166
5783,2167
2860,2168
153,2169
2010,2170
33013,2171
8986,2172
10547,2173
8857,2174
3919,2175
15439,2176
10282,2177
55771,2178
41455,2179
9030,2180
5717,2181
8745,2182
5663,2183
1279,2184
12090,2185
24323,2186
241,2187
240,2188
237,2189
242,2190
15472,2191
2454,2192
2478,2193
11527,2194
28194,2195
23,2196
11343,2197
12190,2198
1687,2199
3467,2200
24193,2201
7577,2202
7340,2203
279,2204
30,2205
7659,2206
20369,2207
7696,2208
14851,2209
4591,2210
5695,2211
3822,2212
2152,2213
5942,2214
8390,2215
25378,2216
3486,2217
41173,2218
185,2219
5744,2220
21588,2221
8132,2222
7134,2223
6766,2224
1981,2225
2906,2226
1934,2227
3880,2228
3717,2229
12848,2230
11985,2231
10985,2232
17839,2233
2905,2234
2530,2235
5816,2236
4281,2237
1792,2238
1794,2239
9094,2240
5782,2241
3028,2242
9556,2243
4695,2244
22100,2245
1251,2246
34826,2247
4075,2248
1083,2249
14803,2250
23921,2251
23319,2252
11954,2253
2007,2254
5798,2255
30210,2256
11348,2257
26583,2258
2583,2259
11252,2260
10995,2261
34016,2262
6838,2263
11092,2264
10369,2265
18384,2266
27654,2267
8368,2268
30673,2269
15166,2270
1047,2271
1336,2272
4606,2273
19553,2274
4729,2275
6872,2276
10391,2277
15916,2278
9083,2279
21534,2280
30025,2281
8203,2282
3708,2283
3721,2284
6859,2285
19717,2286
3882,2287
2538,2288
1282,2289
27044,2290
48,2291
300,2292
4101,2293
4102,2294
18606,2295
13583,2296
1789,2297
24,2298
3031,2299
20405,2300
1765,2301
2994,2302
7880,2303
9327,2304
19190,2305
9316,2306
9287,2307
18633,2308
5864,2309
2605,2310
1048,2311
52798,2312
7843,2313
5091,2314
12973,2315
8613,2316
5047,2317
4077,2318
23480,2319
33770,2320
122,2321
143,2322
115,2323
132,2324
8052,2325
10664,2326
14945,2327
1043,2328
31447,2329
4961,2330
20987,2331
20986,2332
20985,2333
20983,2334
8970,2335
17214,2336
5103,2337
933,2338
20961,2339
4610,2340
9242,2341
2694,2342
12851,2343
9092,2344
8607,2345
6134,2346
2009,2347
9049,2348
3243,2349
988,2350
9590,2351
7177,2352
2199,2353
11205,2354
25697,2355
19677,2356
8418,2357
30636,2358
3257,2359
4259,2360
14402,2361
14644,2362
11025,2363
22717,2364
11088,2365
16654,2366
12468,2367
1052,2368
25466,2369
14213,2370
12469,2371
1085,2372
38537,2373
1616,2374
9337,2375
15256,2376
7509,2377
28,2378
23782,2379
9134,2380
20304,2381
2537,2382
8711,2383
2702,2384
7927,2385
871,2386
1576,2387
5053,2388
11509,2389
23254,2390
24913,2391
9839,2392
34325,2393
17691,2394
767,2395
14905,2396
1205,2397
5686,2398
11251,2399
5086,2400
7281,2401
15473,2402
6619,2403
27881,2404
1615,2405
10615,2406
1314,2407
7359,2408
2925,2409
5770,2410
5800,2411
16022,2412
1791,2413
220,2414
5305,2415
3026,2416
2778,2417
27381,2418
7708,2419
5294,2420
21490,2421
7130,2422
280,2423
6843,2424
730,2425
11519,2426
11459,2427
8919,2428
1311,2429
16399,2430
18559,2431
10029,2432
13977,2433
3401,2434
601,2435
12583,2436
22613,2437
5999,2438
13054,2439
15234,2440
3703,2441
14960,2442
22635,2443
55773,2444
55772,2445
28699,2446
55767,2447
55769,2448
2000,2449
2001,2450
2004,2451
4111,2452
4104,2453
4103,2454
4105,2455
4106,2456
4107,2457
4108,2458
1619,2459
4109,2460
4110,2461
2665,2462
13163,2463
6169,2464
6011,2465
6015,2466
6001,2467
6017,2468
870,2469
2686,2470
9873,2471
20248,2472
1400,2473
12312,2474
1080,2475
30319,2476
17897,2477
244,2478
14482,2479
3698,2480
8408,2481
14662,2482
22144,2483
2692,2484
25039,2485
1683,2486
8411,2487
420,2488
26768,2489
3224,2490
17453,2491
17211,2492
6552,2493
3732,2494
3734,2495
14185,2496
30840,2497
7879,2498
33788,2499
22855,2500
5727,2501
4071,2502
12990,2503
3609,2504
23249,2505
13426,2506
7510,2507
5668,2508
2929,2509
8606,2510
12935,2511
96,2512
5807,2513
416,2514
5952,2515
5956,2516
16405,2517
940,2518
14624,2519
13971,2520
54,2521
38329,2522
11043,2523
3160,2524
2928,2525
7777,2526
2194,2527
7501,2528
17632,2529
21474,2530
8347,2531
7583,2532
6864,2533
31509,2534
8927,2535
17574,2536
394,2537
2452,2538
11062,2539
474,2540
15255,2541
14473,2542
18340,2543
9313,2544
1624,2545
8780,2546
1159,2547
1997,2548
29446,2549
1167,2550
3932,2551
3731,2552
146,2553
2847,2554
21769,2555
19882,2556
9381,2557
31798,2558
10281,2559
4594,2560
5801,2561
1316,2562
5104,2563
7725,2564
823,2565
13919,2566
37584,2567
21587,2568
2124,2569
9198,2570
476,2571
1322,2572
4399,2573
3021,2574
5881,2575
1403,2576
21995,2577
494,2578
58,2579
3191,2580
15780,2581
17454,2582
22282,2583
5426,2584
15239,2585
2852,2586
8271,2587
431,2588
382,2589
924,2590
3463,2591
2783,2592
13019,2593
5819,2594
10685,2595
4866,2596
20245,2597
843,2598
6004,2599
10757,2600
18877,2601
9620,2602
8942,2603
725,2604
19562,2605
6497,2606
271,2607
7449,2608
8533,2609
14210,2610
4588,2611
1050,2612
4472,2613
25489,2614
16458,2615
30095,2616
18790,2617
2589,2618
3476,2619
5405,2620
105,2621
7441,2622
496,2623
285,2624
12963,2625
17895,2626
2416,2627
12466,2628
39855,2629
2712,2630
3181,2631
7335,2632
6025,2633
4284,2634
2684,2635
13122,2636
5106,2637
5773,2638
152,2639
1344,2640
4613,2641
602,2642
2953,2643
539,2644
5027,2645
27296,2646
15247,2647
15225,2648
10844,2649
13582,2650
13064,2651
3985,2652
11797,2653
17523,2654
39589,2655
926,2656
13968,2657
25948,2658
12464,2659
1196,2660
21,2661
2328,2662
21615,2663
16959,2664
6085,2665
17627,2666
27123,2667
12467,2668
14342,2669
10284,2670
24279,2671
5575,2672
5689,2673
1631,2674
10262,2675
4614,2676
3162,2677
1313,2678
13279,2679
741,2680
1725,2681
18932,2682
4412,2683
4414,2684
4415,2685
4413,2686
1671,2687
4416,2688
5941,2689
6578,2690
15258,2691
162,2692
6553,2693
12138,2694
9482,2695
5877,2696
14647,2697
11739,2698
35333,2699
19226,2700
5815,2701
6313,2702
931,2703
6842,2704
1268,2705
7173,2706
365,2707
5102,2708
38954,2709
20977,2710
15370,2711
3714,2712
11721,2713
10888,2714
1320,2715
12833,2716
2487,2717
1405,2718
4732,2719
10094,2720
12032,2721
22002,2722
9091,2723
5794,2724
7276,2725
6648,2726
247,2727
6919,2728
6918,2729
6917,2730
7588,2731
10023,2732
1630,2733
13086,2734
1494,2735
1135,2736
17545,2737
6916,2738
6922,2739
6920,2740
6921,2741
10786,2742
7442,2743
7903,2744
7691,2745
9720,2746
12463,2747
5713,2748
21155,2749
19217,2750
19066,2751
2336,2752
12971,2753
12296,2754
6554,2755
9240,2756
11722,2757
1650,2758
24402,2759
13554,2760
12015,2761
6009,2762
9135,2763
6924,2764
6923,2765
724,2766
3930,2767
4074,2768
25,2769
17068,2770
27,2771
18858,2772
3351,2773
20877,2774
8984,2775
12831,2776
1914,2777
10906,2778
3032,2779
24208,2780
2276,2781
598,2782
11881,2783
1721,2784
1669,2785
18927,2786
3948,2787
718,2788
18974,2789
19119,2790
164,2791
3702,2792
2561,2793
2955,2794
20327,2795
19452,2796
14387,2797
3953,2798
163,2799
17492,2800
15216,2801
21550,2802
11725,2803
20668,2804
1408,2805
1271,2806
12859,2807
696,2808
8046,2809
8677,2810
38,2811
5130,2812
4841,2813
23309,2814
6361,2815
18573,2816
1948,2817
5236,2818
141,2819
17222,2820
1217,2821
5480,2822
9471,2823
15254,2824
305,2825
22070,2826
1346,2827
22183,2828
1045,2829
7701,2830
399,2831
14252,2832
3259,2833
25643,2834
5995,2835
6370,2836
10401,2837
2354,2838
6365,2839
7670,2840
3552,2841
4587,2842
2213,2843
3048,2844
3843,2845
9489,2846
3962,2847
5756,2848
243,2849
1095,2850
20234,2851
1620,2852
107,2853
5398,2854
17896,2855
19411,2856
14815,2857
2701,2858
16304,2859
17232,2860
5991,2861
6082,2862
4301,2863
2691,2864
5882,2865
3481,2866
14391,2867
1163,2868
19100,2869
16395,2870
15917,2871
7575,2872
4797,2873
8103,2874
21191,2875
10840,2876
25752,2877
17442,2878
24214,2879
16298,2880
700,2881
15262,2882
1706,2883
9926,2884
3647,2885
2349,2886
6303,2887
13776,2888
3688,2889
2930,2890
10688,2891
10238,2892
13440,2893
8617,2894
10288,2895
3395,2896
10027,2897
2,2898
3727,2899
2947,2900
5813,2901
1901,2902
18864,2903
11122,2904
6555,2905
10766,2906
3184,2907
11091,2908
19563,2909
14081,2910
7087,2911
17540,2912
11823,2913
2866,2914
6385,2915
2332,2916
27120,2917
17330,2918
21662,2919
6261,2920
7769,2921
3056,2922
5550,2923
11118,2924
2922,2925
12836,2926
2375,2927
6485,2928
2859,2929
316,2930
4285,2931
9414,2932
947,2933
318,2934
1976,2935
12260,2936
2251,2937
3260,2938
11744,2939
2226,2940
40177,2941
8446,2942
6551,2943
2265,2944
8869,2945
5814,2946
10858,2947
10753,2948
28426,2949
24659,2950
17418,2951
12843,2952
28532,2953
3059,2954
8977,2955
7,2956
29882,2957
3192,2958
23997,2959
21701,2960
4419,2961
4418,2962
7940,2963
8523,2964
684,2965
2319,2966
17209,2967
8466,2968
11053,2969
11861,2970
5031,2971
1946,2972
315,2973
15246,2974
10093,2975
13129,2976
2670,2977
18699,2978
15287,2979
20971,2980
3884,2981
16894,2982
10851,2983
6252,2984
1648,2985
6166,2986
1302,2987
12834,2988
9105,2989
24090,2990
7184,2991
2325,2992
8519,2993
7108,2994
18634,2995
136,2996
4401,2997
20944,2998
5954,2999
24093,3000
2378,3001
10703,3002
15,3003
38845,3004
1054,3005
9388,3006
23316,3007
10317,3008
25475,3009
12526,3010
18513,3011
36358,3012
12517,3013
11902,3014
5354,3015
2965,3016
8620,3017
8621,3018
209,3019
3239,3020
4799,3021
2483,3022
2484,3023
2486,3024
12311,3025
18929,3026
12220,3027
8618,3028
1728,3029
5058,3030
27668,3031
11672,3032
6357,3033
8760,3034
17549,3035
5799,3036
5811,3037
3038,3038
391,3039
20195,3040
14649,3041
842,3042
3204,3043
19673,3044
9493,3045
9475,3046
12640,3047
56,3048
53,3049
3203,3050
5249,3051
41520,3052
51548,3053
38655,3054
8134,3055
5961,3056
11057,3057
8993,3058
5818,3059
165,3060
8614,3061
14187,3062
12664,3063
2984,3064
19589,3065
2931,3066
5750,3067
272,3068
3706,3069
2942,3070
5379,3071
23019,3072
16281,3073
4479,3074
8504,3075
8503,3076
2944,3077
10754,3078
22176,3079
6665,3080
19594,3081
10829,3082
523,3083
15077,3084
5806,3085
7277,3086
8680,3087
9330,3088
21412,3089
13172,3090
13169,3091
32487,3092
707,3093
10018,3094
100,3095
5129,3096
20417,3097
9353,3098
19627,3099
10942,3100
10756,3101
11473,3102
21559,3103
5751,3104
11370,3105
246,3106
15252,3107
5572,3108
3067,3109
3071,3110
3073,3111
25478,3112
5084,3113
10763,3114
24675,3115
16388,3116
18936,3117
6881,3118
5020,3119
30186,3120
1893,3121
5064,3122
10064,3123
17256,3124
4807,3125
8419,3126
5875,3127
4794,3128
5874,3129
997,3130
1999,3131
6541,3132
2889,3133
25699,3134
1181,3135
4843,3136
17529,3137
15447,3138
7706,3139
6386,3140
14646,3141
2002,3142
2612,3143
11654,3144
149,3145
686,3146
17889,3147
3834,3148
20591,3149
29721,3150
11962,3151
23317,3152
25578,3153
5944,3154
5945,3155
11058,3156
1318,3157
665,3158
20940,3159
1319,3160
6506,3161
2940,3162
4135,3163
4699,3164
307,3165
3010,3166
13900,3167
2608,3168
2334,3169
7141,3170
15272,3171
4859,3172
12841,3173
5308,3174
2553,3175
2956,3176
16049,3177
19721,3178
2951,3179
12006,3180
9669,3181
8270,3182
9,3183
22014,3184
3254,3185
21277,3186
11641,3187
21346,3188
22106,3189
22078,3190
20703,3191
7337,3192
11124,3193
23579,3194
6674,3195
7651,3196
11374,3197
6240,3198
1745,3199
15978,3200
15476,3201
245,3202
266,3203
14962,3204
12274,3205
7275,3206
2097,3207
3954,3208
35176,3209
10764,3210
3828,3211
3823,3212
5608,3213
9004,3214
15726,3215
6014,3216
3936,3217
5671,3218
5723,3219
10,3220
3020,3221
3860,3222
11201,3223
698,3224
11720,3225
12986,3226
25929,3227
8563,3228
322,3229
5402,3230
4417,3231
3060,3232
34,3233
6572,3234
7279,3235
4842,3236
2764,3237
30008,3238
12005,3239
3700,3240
1081,3241
26561,3242
6384,3243
17525,3244
6908,3245
3063,3246
5998,3247
15270,3248
7127,3249
3132,3250
3075,3251
4139,3252
4144,3253
19,3254
4840,3255
9222,3256
16431,3257
5741,3258
3719,3259
28302,3260
3077,3261
14404,3262
8992,3263
22659,3264
3655,3265
4750,3266
30046,3267
7149,3268
10853,3269
18539,3270
2886,3271
10860,3272
313,3273
150,3274
14208,3275
5100,3276
2165,3277
3648,3278
16416,3279
1321,3280
5738,3281
4132,3282
4131,3283
5758,3284
23922,3285
6271,3286
1513,3287
14,3288
6135,3289
15251,3290
17648,3291
7278,3292
1000,3293
1001,3294
999,3295
11200,3296
3093,3297
4460,3298
13894,3299
12830,3300
5404,3301
731,3302
3697,3303
25157,3304
2952,3305
7214,3306
2365,3307
5107,3308
4423,3309
15163,3310
8193,3311
20189,3312
6294,3313
18408,3314
13449,3315
14642,3316
3069,3317
58200,3318
41944,3319
12105,3320
302,3321
689,3322
4352,3323
4358,3324
4360,3325
4362,3326
4364,3327
4366,3328
4369,3329
5309,3330
4138,3331
4373,3332
2348,3333
4378,3334
4380,3335
826,3336
324,3337
6570,3338
6573,3339
20734,3340
5391,3341
1360,3342
4130,3343
2850,3344
1498,3345
1139,3346
4136,3347
833,3348
10767,3349
11913,3350
16447,3351
14399,3352
8622,3353
5606,3354
22434,3355
3178,3356
90,3357
31,3358
3061,3359
18327,3360
6571,3361
4133,3362
13445,3363
6010,3364
14221,3365
3062,3366
2013,3367
10955,3368
14641,3369
16306,3370
14645,3371
22626,3372
10945,3373
10940,3374
16285,3375
1979,3376
10916,3377
6127,3378
9067,3379
10758,3380
2971,3381
2008,3382
6103,3383
3858,3384
3081,3385
206,3386
13662,3387
2699,3388
19692,3389
18372,3390
33918,3391
12473,3392
11202,3393
1949,3394
12470,3395
7133,3396
7283,3397
1684,3398
10055,3399
10708,3400
17425,3401
20901,3402
12853,3403
13006,3404
7217,3405
12844,3406
8997,3407
23252,3408
13011,3409
2314,3410
27257,3411
